author,introduction,price,title
构图君,    《剪映：短、中、长视频剪辑全攻略（手机版 电脑版）》一书不仅介绍了如何用剪映手机版剪辑短视频，同时也介绍了剪映专业版，教你如何用电脑处理中、长视频。 本书具体内容主要分为以下三篇。 基础与核心技能篇：介绍剪映基础的知识与核心的功能，适合所有视频剪辑初学者。 手机短视频案例篇：全部以案例为主，介绍抖音爆款效果制作的方法，如卡视频和热门视频等。 电脑中长视频处理篇：以中、长视频实例为主，介绍中型、大型案例的视频制作方法。 本书案例居多，并且集锦了很多热门视频，从手机版到电脑版的各种短、中、长视频的制作方法一应俱全，因此本书既适合剪映手机版读者，也适合剪映电脑版读者，还适合短视频爱好者、自媒体运营者和从事视频相关工作的读者，另外，还可以作为学校教材使用。本书除了纸质内容之外，随书资源包中还给出了书中案例的教学视频、效果文件和素材文件。读者可扫描书中二维码及封底的“文泉云盘”二维码，手机在线观看学习并下载素材文件。,48.86,剪映:短、中、长视频剪辑全攻略(手机版+电脑版)
蒂姆·拉夫加登(Tim Roughgarden)  著,“算法详解”系列图书共有4卷，本书是第3卷—贪心算法和动态规划。其中贪心算法主要包括调度、最小生成树、聚类、哈夫曼编码等，动态规划主要包括背包、序列对齐、最短路径、最佳搜索树等。本书的每一章均有小测验和章末习题，这将为读者的自我检查以及一步学习提供方便。 本书作者提供丰富而实用的资源，能够帮助读者提升算法思维能力。本书适合计算机专业的高校教师和学生、想要培养和训练算法思维、计算思维的IT专业人士，以及面试官和正在准备面试的应聘者阅读、参考。,44.67,算法详解(卷3)——贪心算法和动态规划
铃铛子,不会手绘可以画好思维导图吗？电子版思维导图如何制作？现场听课如何用思维导图做笔记？思维导图如何与视觉笔记、知识卡片、手账一起使用？本书是一本创意笔记书。以思维导图为核心，介绍了多种思维导图的新式使用场景。本书将各种流行的笔记形式和思维导图行对比，方便读者学习和运用。在许多笔记形式中，思维导图无疑是受欢迎的形式之一。对于学习技能的人而言，一本工具书的用处之一就是能让人掌握一项技能。 本书不仅适合思维导图爱好者阅读，还可以作为低年级学生、商业课程讲师、艺术设计相关从业者的参考书籍。,48.3,神奇笔记:思维导图轻松学
刘琼,ChatGPT是由OpenAI公司研发的人工智能聊天机器人，它可以行自然语言文本的理解和生成。ChatGPT的出现让计算机能够更加自然地与人类行对话，这标志着人工智能技术在自然语言处理领域取得了革命性的突破，人机交互从此迈了一个新的时代。 本书将带领读者深了解ChatGPT，介绍ChatGPT的相关概念、技术原理和实际应用，并探讨人工智能相关技术与产业的发展前景。全书共8章，可划分为3个部分。 第1部分为第1章，以“ChatGPT是什么”为主题。先简单介绍了聊天机器人的概念，然后介绍ChatGPT的核心技术和发明者，着探讨了ChatGPT成为史上增长快的消费级应用背后的原因，后就大众所关心的一些问题做了回答。 第2部分为第2～5章，以“ChatGPT怎么用”为主题。第2章介绍了ChatGPT及其同公司的其他应用型产品（DALL·E2和OpenAI API）的基本使用方法。第3章介绍了一些能让ChatGPT的功能更完善的插件。第4、5章通过ChatGPT的一些实际应用案例，展示ChatGPT在各种领域的应用场景和未来发展方向。 第3部分为第6～8章，以“ChatGPT能带来什么”为主题。第6、7章介绍了AIGC（人工智能生成内容）的产业生态及当前比较知名的一些AIGC工具。第8章初步探讨了AIGC可能会在道德、隐私和安全等方面引发的问题。 本书旨在为对ChatGPT感兴趣的读者提供一份较为全面且通俗易懂的资源，帮助他们更好地理解人工智能技术的意义和影响。希望本书能为读者带来关于人工智能技术的新思考，激励更多人投身于人工智能技术的研究和应用，为人工智能技术的发展做出更大的贡献。,39.8,ChatGPT:AI革命
[荷] 费莉安·赫尔曼斯(Felienne Hermans) 著,为什么你在写代码时总会遇到这样或那样的问题？为什么你总是记错某些语法？为什么有些人能够快速学会新的编程语言，而有些人则不能？在试图解决困难或复杂的问题时，我们的大脑其实有一套特定的工作方式。本书从认知科学角度剖析优秀程序设计背后的脑科学原理，为你揭大脑思考编程的奥秘。本书分为四大部分，共有13章。你将了解如下内容：如何高效地学习新的编程语言，如何快速地理解复杂的代码，如何牢固地记住各种语法，如何在繁杂的程序设计工作中优化认知资源。 本书是程序员的普适书，初学编程的初高中生也可以阅读。,44.9,程序员*大脑
王树义 著,人工智能（AI）是否会取代人类？是不是所有的事情机器都能比人做得好？当 AlphaGo 能下围棋、ChatGPT 能理解并生成内容时，当每一次AI 应用取得突破时，这两个问题都会引起人们的广泛讨论。 本书提供了多个 AI 应用的例子，可让读者直观地了解 AI 已经可以出色地完成很多任务。通过一个个具体的案例，本书细致讲解了主要 AI 工具的使用方法，包括 ChatGPT、Midjourney、Stable Diffusion 等 AIGC（人工智能生成内容）工具，以辅助我们完成绘画、视频制作、写作、科研等任务，从而提高工作效率。在具体的案例之外，本书还有对方法论的阐述，可提升读者对 AI 的认知，增强人人都能用好 AI 的信心。希望读者能举一反三，找到更巧妙、更适合自己的 AI 应用方式。 希望通过本书，生活在智能时代的我们能意识到 AI 不再只是机器人或软件，它可以成为我们很好的助手，甚至变成我们的“合伙人”。,38.34,智慧共生 ChatGPT与AIGC生产力工具实践
[美]肯尼斯·斯坦利;[美]乔尔·雷曼,两位作者持续多年扎根人工智能前沿领域，这本书是他们在科学研究的过程中蹦出的意外火花。因为这一全新发现并不是直回馈于他们本身所处的人工智能领域，而是“无心插柳”收获了对人类约定俗成的思维方式的全新颠覆。这一研究破了人类世界延续多年、难以撼动的、依靠目标和计划成事的文化基因，真正启了人类伟大创新的惊喜之旅。 他们在学校、TED、科研论坛等场合公演讲，让这一新思维方式影响并激励了许多人。他们自身也凭借写本书的“寻宝者思维”“踏脚石模型”“新奇式探索”等具体思维方法，在人工智能研发领域取得了飞跃式的突破和展，产生了一系列惠于人类的伟大创造。,59.0,为什么伟大不能被计划
凌祯  等,"随着ChatGPT的火爆出现，相信很多人都在思考如何使用和训练ChatGPT，让它成为自己工作和生活的""得力助手”。 本书就是一本教你如何训练ChatGPT*完成日常办公任务的实战图书。全书分3篇，共8章。其中，第1章介绍ChatGPT的技术原理，第2～4章介绍正确使用ChatGPT的方法，第5～8章通过丰富的实战案例，介绍如何利用ChatGPT生成VBA、Python代码，从而培养我们的编程思维，实现工作中的编程自动化，进而在AI的加持下快速提升我们的数据处理与分析、总结汇报和互联网营销能力。 本书中所有的案例均来自实际的办公场景，这些案例都可以通过训练ChatGPT来自动化完成，具有很强的实操性和可借鉴性。另外，为了方便读者学习和实践，本书还提供了案例配套素材和视频。",55.93,AI智能办公:从训练ChatGPT开始
[日]矢泽久雄 著,本书从计算机的内部结构始讲起，以图配文的形式详细讲解了二制、内存、数据压缩、源文件和可执行文件、操作系统和应用程序的关系、汇编语言、硬件控制方法等内容，目的是让读者了解从用户双程序图标到程序始运行之间到底发生了什么。书中还专设了“如果是你，你会怎样讲呢？”专栏，以小学生、老奶奶等为对象讲解程序的运行原理，颇为有趣。 第3版升级了书中用到的软件产品和发工具，并在正文和注释中补充了大量内容，让初学者更容易理解。对于旧版中颇受好评的硬件相关章节，更新了C语言的样例代码。书末附录关于C语言的章节也升级至标准。 第12章新增了Python机器学习的内容，让初学者能够轻松体验人工智能的乐趣。附录也增加了对Python语言的介绍。 本书图文并茂，通俗易懂，非常适合计算机爱好者及相关从业人员阅读。,29.9,程序是怎样跑起来的(第3版)
[美]科尔·努斯鲍默·纳福利克著,本书通过大量案例研究介绍数据可视化的基础知识，以及如何利用数据创造出吸引人的、信息量大的、有说服力的故事，而达到有效沟通的目的。具体内容包括：如何充分理解上下文，如何选择合适的图表，如何消除杂乱，如何聚焦受众的视线，如何像设计师一样思考，以及如何用数据讲故事。 本书适合所有需要用图表展示信息和数据的人士阅读。,34.9,用数据讲故事(修订版)
林屹,自己的PPT为什么不好看？也许不是模板不够，而是你缺乏设计感！设计不是一种专业，而是每个人应该具备的能力。这本书会教你思考如何在注意力稀缺的时代，设计出更具视觉化的PPT传播信息，设计菜鸟也能变身设计达人。自己制作的PPT为什么不好看？也许不是因为模板不够，而是因为你缺乏设计感！设计不是一种专业，而是每个人应该具备的能力。这本书会教你思考如何在注意力稀缺的时代设计出更具视觉化的PPT来传播信息，让设计菜鸟也能变身设计达人。本书重在启发，设计、思维、文字、形状、图片和图表六大模块涵盖了PPT制作中*重要的知识维度。作者多年的培训经验沉淀出大量真实的PPT制作痛，案例真实鲜活，结合设计原理，图文直观，通俗易懂。本书适合各行各业需要制作PPT的读者阅读。特别提示：学习无捷径，阅读本书还需要你的思考——如果你是一个善于通过思考收获知识的人，那么这本书是你的不二选择。,48.4,PPT设计的艺术——人人都用得上的PPT设计书(全彩)
黑马程序员 编著,本书是针对Web前端发人员编写的一本快速掌握微信小程序发的教程。本书通过通俗易懂的语言、丰富实用的案例，讲解微信小程序的发技术。 本书共8章，第1章讲解微信小程序的门知识，介绍微信小程序的特和发展前景；第2章和第3章分别讲解微信小程序的页面制作和页面交互；第4章和第5章讲解微信小程序的常用API；第6章讲解综合项目“餐”微信小程序；第7章讲解微信小程序发阶；第8章讲解基于uni-app发的“短视频”微信小程序。 本书适合作为高等教育本、专科院校计算机相关专业的教材，也可作为广大计算机编程爱好者的参考书。,38.8,微信小程序开发实战(第2版)
布赖森·佩恩(Bryson Payne) 著,本书旨在教你像黑客一样思考，通过了解黑客工具和技术，解决各种各样需要防御的在线威胁；通过在虚拟实验室中以安全的方式对自己尝试各种攻，并与实际的网络自我防御技巧相结合，让读者明白如何防范攻行为。本书介绍了一些常用类型的网络攻防，包括物理访问攻防、谷歌攻和侦测技巧、网络钓鱼和社会工程攻防、恶意软件远程攻防、Web攻防、密码攻防，以及移动设备和汽车攻分析等。 本书适合作为网络安全行业新人的门读物，也适用于计算机初学者、IT从业人员以及对黑客攻防与安全维护感兴趣的其他人员，同时可供高等院校安全相关专业师生学习参考。,44.67,实用黑客攻防技术
陈璟、王萌、梁婷,本书以通俗易懂的方式介绍人工智能的基础知识及其应用，采用案例的形式讲解，方便读者轻松阅读。 全书共5章，首先介绍人工智能的基础知识，然后从文本、图像、语音三方面介绍自然语言处理、图像处理、语音识别等人工智能研究领域，后通过实战案例让读者全面了解人工智能的应用。 本书适合有志于了解人工智能基础知识及应用的初、高中学生，也可以作为人工智能初学爱好者的学习资料。,48.86,写给青少年的人工智能(Python版)
许正军;张燕玲;袁岳,你是否发现，物、短视频、资讯等平台背后的智能推荐算法，不断分析着你的物偏好和浏览习惯；价格算法时刻计算调整着你能到的商品价位；导航算法、网约车平台算法和无人驾驶汽车算法等等，时刻影响着我们的出行…… 无论是否愿意，我们的生活已被算法包围。为了帮助大家全面认知我们当前所身处的世界，消弭技术发展过快带来的困扰与隐忧，《人人都离不的算法——图解算法应用》一方面从人工智能算法的五大核心应用领域—公共、商业、医疗、工业、金融的典型场景出发，以通俗化、故事化和漫画化的具体事例，深解读算法是如何在各行各业具体发挥作用和对日常生活的影响；另一方面，将从算法的责任监管和立法治理等角度，阐述算法发与应用者们应该如何守好伦理底线，让科技向善而行。 《人人都离不的算法——图解算法应用》脉络清晰，图文并茂，无论你是工作中会触到算法应用的从业人员，还是对算法应用感到好奇的小白，本书都有助于你视野，看到算法在实际应用中的波澜壮阔。,48.86,人人都离不开的算法——图解算法应用
（美）埃里克·马瑟斯（Eric Matthes）,本书是针对所有层次Python读者而作的Python门书。全书分两部分：*部分介绍用Python编程所必须了解的基本概念，包括强大的Python库和工具，以及列表、字典、if语句、类、文件与异常、代码测试等内容；第二部分将理论付诸实践，讲解如何发三个项目，包括简单的2D游戏、利用数据生成交互式的信息图以及创建和定制简单的Web应用，并帮助读者解决常见编程问题和困惑。第2版行了全面修订，简化了Python安装流程，新增了f字符串、get()方法等内容，并且在项目中使用了Plotly库以及新版本的Django和Bootstrap，等等。,41.0,Python编程：从入门到实践(第2版)
苏江,本书将从 ChatGPT 的基础知识、应用场景和案例分析等方面展讲解。例如， 如何使用 ChatGPT 实现自然语言翻译、如何使用 ChatGPT 学习英语，以及修改 代码、生成表格，甚至发菜品等，所举例的应用场景中包含了大量的实用技巧 和建议，能帮助读者更好地掌握和应用 ChatGPT 工具。 本书共分为 9 章，各章的主题分明，内容循序渐。第 1 章对 ChatGPT 行了一些基础的介绍，然后以对话的形式带你快速门；第 2 ～ 5 章分别从学习、 工作、娱乐、代码四个角度介绍了不同领域下 ChatGPT 的应用场景，案例十分丰 富；第 6 章详细介绍了 ChatGPT 的实用指令和 AI 角色的个性化设置，带你探索 ChatGPT 的趣味和实用性，推荐读者重阅读；第 7 章则对的 AI 工具行 了介绍；第 8 章对未来趋势行了展望，分享了许多有意思的话题；第 9 章则对 ChatGPT 在诸多细分行业中的创新应用行了众多举例，或许读者能从这些例子 中获得启发。 希望这本书能够帮助读者更好地理解和应用 ChatGPT 技术，让读者在工作和 生活中更加得心应手。,64.4,ChatGPT使用指南:人人都应该掌握的AI最强工具
[加] 阿利斯泰尔·克罗尔 (Alistair Croll)[加] 本杰明·尤科维奇(Benjamin Yoskovitz) 著,本书围绕精益创业展讨论，融合了精益创业法、客户发、商业模式画布和敏捷/持续集成的精华。本书汇聚了100多位创始人、投资人、内部创业者和创新者的成功创业经验，呈现了 30 多个极具价值的案例分析，可以为各阶段的创业者提供行为准则。 如果你是一名创业者，或者你是一名产品发、产品管理、市场营销、公共关系和投资领域的商务专业人员，那么本书不容错过。,59.9,精益数据分析(珍藏版)
翟尤 郭晓静 曾宣玮 著,AIGC（Artificial Intelligence Generated Content）中文译为“人工智能生成内容”。狭义上的AIGC 指利用 AI 自动生成内容的生产方式。广义的 AIGC 可以基于训练数据和生成算法模型，自主生成新的文本、图像、音乐、视频、3D 交互内容等各种形式的内容和数据，甚至可能启科学新发现，创造新的价值和意义。 本书旨在通过深浅出的讲解，帮助读者认识并了解 AIGC，一步探究 AIGC 未来的发展方向及其可能面临的挑战，并通过一系列丰富的 AIGC 应用案例展示其在各个领域应用的无限可能。此外，本书还联合投资界、学术界和创业圈的三位专业人士畅谈了关于 AIGC 的深洞察。 本书无须读者具备专业知识基础，适合对 AIGC 感兴趣的读者阅读。,44.67,AIGC未来已来
刘新宇,"本书从数字、递归、对称、范畴、融合、无穷、悖论七个方面介绍了计算机程序的数学基础和原理，并以“同构”概念为线索揭示出编程本质上是和数学同构的。第1章介绍皮亚诺算术公理系统,通过5条公理，构筑了计算机程序大厦的基石;通过单向表、斐波那契数列等例子，展示了和自然数同构的计算结构。第2章介绍递归，通过欧几里得算法作为端，终把递归的数学原理构建在Lambda演算和Y组合子之上。第3章介绍对称群、环、域等抽象代数结构，解释了伽罗瓦理论这一抽象思维的明珠。第4章介绍范畴论，把列表、异常、多态、类型系统、复合数据结构等众多编程概念构筑在范畴论的基础上。第5章介绍融合律，它是行算法推导和优化的有力工具。第6章介绍无穷，给出了康托尔的无穷集合论和超限数概念，介绍了编程中流的概念和无穷的关系。第7章以罗素悖论、可计算性和哥德尔不完全性定理结束本书，介绍了计算能力的边界和对编程基础哲学的影响。 本书还在各个章节中介绍相关数学家的人生经历和逸闻趣事，讲解他们如何克服困难、追求真理、创造奇迹，并穿插讲述编程、数学、艺术、音乐之间的有趣联系。 ",53.0,同构:编程中的数学
吕云翔  主编,本书主要介绍如何使用Python语言行网络爬虫程序的发，从Python语言的基本特性手，详细介绍Python网络爬虫发的多个方面，涉及HTTP、HTML、正则表达式、JavaScript、自然语言处理、数据处理与科学计算等不同领域的内容。全书共12章，包括基础篇、阶篇、提高篇和实战篇4个部分。基础篇包括第1、2、3章，分别为Python基础及网络爬虫、静态网页抓取、数据存储。阶篇包括第4、5、6章，分别为JavaScript与动态内容、模拟登录与验证码、爬虫数据的分析与处理。提高篇包括第7、8、9章，分别为爬虫的灵活性和多样性、Selenium模拟浏览器与网站测试、爬虫框架Scrapy与反爬虫。实战篇提供了3个实战项目供读者学习参考。本书内容覆盖网络数据抓取与爬虫编程中的主要知识和前沿技术。同时，本书在重视理论基础的前提下，从实用性和丰富度出发，结合实例演示爬虫程序编写的核心流程，将理论与实践结合，力求提高读者的网络爬虫实操技能。 本书可作为高等院校数据科学、统计学、计算机科学、软件工程等相关专业课程的教材，也可作为Python语言初学者、网络爬虫技术爱好者的参考书。,31.9,Python网络爬虫:从入门到精通(附微课)
李强,本书聚焦Linux网络安全，强调实战。全书共13章，从网络概念引，分别介绍了网络相关的基础知识、虚拟专用网络、网络防火墙、网络分析工具、用户的权限、文件系统、软件包、应用安全、安全扫描工具、备份重要数据、侵检测技术、日志与审计工具，以及生产环境中的用户权限管理的综合案例，兼顾了理论和实践操作。 本书将Linux网络安全方面的核心知识与实际应用案例相结合，配备了大量实操案例，读者可以一边阅读一边操作，遇到一些重、难均有对应的视频讲解，利用手机扫描案例旁的二维码即可实时观看。本书针对知识配有具体的“实操”案例，供读者练习；每章还精心准备了“实战案例”，让读者对本章所学知识行巩固练习；设置“专家有话说”和“知识拓展”环节，帮助读者拓展知识面；同时，本书还提供了程序源代码、教学视频及授课用PPT等丰富的学习资源，帮助读者更好地学习Linux网络安全技术的核心知识。 本书涵盖了Linux不同难度的网络安全实战案例，适合网络安全工程师、Linux运维人员、软件发人员、系统管理员以及大中专院校计算机相关专业师生等读者阅读。,48.0,Linux安全实战
毕嵘,《极简时间管理》是一本非常实用的时间管理指南，它不仅帮助你学会如何合理安排时间，还教你如何集中精力处理任务，从而提高工作效率。作者以简单易懂的语言，介绍了优先级管理、任务拆分、目标设定等实战技巧，以及一学就会而且可持续的时间管理技巧。 通过运用日志复盘法、番茄工作法、打卡、快速排程法、高能难事法、时间容器法、模板应用法、艾宾浩斯记忆法、时间拆分法等时间管理术，大大提升工作效率，减少时间浪费。无论你是工作狂人、学生还是自由职业者，都可以从这本书中获取到实用的帮助。强烈推荐给所有需要提高时间管理效率的读者！,54.6,"极简时间管理:4倍效率实操方法,轻松实现“开挂”人生"
(英)丹尼尔·博尔(Daniel Bor),我们欣赏梵高的《星空》，陶醉于贝多芬的《命运交响曲》，面对白雪覆盖的山峰，敬畏之情油然而生，所有这些体验都离不开意识。然而，意识具有主观性，属于个人经验，很难准确把握。长久以来，哲学家们都声称，意识太神秘了，科学无法洞悉意识。 　神经科学家丹尼尔?博尔在《贪婪的大脑：为何人类会无止境地寻求意义》一书中提出了一种新的意识运作模式，他的观点与传统的哲学观点完全不同。博尔认为，意识是大脑的产物，随着知识积累，意识也在发展。意识实际上是一个思想工厂，是经过精心选择的、致力于创新的精神空间。意识的主要任务是发现深层结构。 　　博尔的意识运作模式解释了我们的大脑为何会贪婪地探寻信息，尤其是那些具有模式的信息。比如，当生理需求得到满足后，我们会玩填字游戏和数独游戏。从生物学角度看，玩这些游戏只是在浪费时间；但在博尔看来，这种探寻结构的行为有重大的进化意义。正是这种对结构模式的探寻，引导人类发现了火，学会耕种。 　本书将认知与创造力相联系，为解开意识这一科学谜团提供了一种独特的见解。,25.35,贪婪的大脑:为何人类会无止境地寻求意义
倪振松  刘宏嘉  陈建平 主编  谢岳富 副主编,Docker 是目前流行的容器平台。作为发、发布和运行应用程序的放平台，Docker为快速发布、测试和部署应用程序提供了一整套技术和方法。 《Docker与Kubernetes容器虚拟化技术与应用》主要围绕容器生态体系中的核心组件Docker和Kubernetes展，介绍了容器的组成及相关概念、容器系统架构和运行原理，重剖析了Docker和Kubernetes两大工具的核心概念、组成和工作原理，通过大量的课堂案例和实验，使学生能够快速掌握利用Docker完成容器的部署。另外，《Docker与Kubernetes容器虚拟化技术与应用》还赠送教学PPT课件和教学微大纲。 《Docker与Kubernetes容器虚拟化技术与应用》适合容器虚拟化技术的初学者，对容器技术感兴趣的技术人员，以及想从事物联网工作的读者。《Docker与Kubernetes容器虚拟化技术与应用》还可作为容器虚拟化技术基础用书，以及中职、高职、应用型本科专业的教材。,48.86,Docker与Kubernetes容器虚拟化技术与应用
[美]贾森·R·布里格斯(Jason R· Briggs) 著,Python是一款解释型、面向对象、动态数据类型的高级程序设计语言。Python语法简捷而清晰，具有丰富和强大的类库，因而在各行各业中得到广泛的应用。对于初学者来讲，Python是一款既容易学又相当有用的编程语言，国内外很多大学设了学习课程，将Python作为一门编程语言学习。 本书是一本可让读者轻松、快速掌握Python编程的门读物。全书分为3部分，共16章。第一部分是第1章到第10章，介绍Python编程基础知识，包括Python的安装和配置、变量、字符串、列表、元组和字典、条件语句、循环语句函数和模块、类、内建函数和绘图，等等。第二部分是第11章和第12章，介绍如何用Python发实例游戏弹球。第三部分包括第13章到第16章，介绍了火柴人实例游戏的发过程。 本书语言轻松，通俗易懂，讲解由浅深，力求将读者阅读和学习的难度降低。任何对计算机编程有兴趣的人或者初次触编程的人，不论孩子还是成人，都可以通过阅读本书来学习Python编程。,51.07,趣学Python——教孩子学编程(第2版)
陈根,hatGPT爆火，标志着人工智能从量变到质变的飞跃，一场新的人工智能革命已经到来。本书共6章，介绍了ChatGPT的诞生和发展，以及ChatGPT背后的技术路线；分析了ChatGPT及大模型训练对全球商业格局的冲与影响，涉及OpenAI、微软、谷歌、百度、腾讯、阿里巴巴等广受关注的互联网科技公司；选取了具有代表性的行业，解读ChatGPT狂潮引发的产业颠覆与模式创新。同时，本书对未来的强人工智能与人类社会的关系行了深度研讨。,48.86,ChatGPT: 读懂人工智能新纪元
[日]平泽章 著,本书以图配文的形式，直观易懂地介绍了面向对象的全貌及其包含的各项技术，包括面向对象编程、框架、设计模式、UML、建模、面向对象设计和敏捷发方法等。对于各项技术是如何使用的（How），书中只行简要的说明，而重介绍这些技术是什么（What），以及为什么需要这些技术（Why）。另外，“编程往事”专栏介绍了作者年轻时的一些经历；“对象的另一面”专栏以与正文不同的视角讲解面向对象这一概念普及的背景和原因，通俗有趣；“当今的OOP”专栏介绍了Java、Python、Ruby、JavaScript等当今流行的编程语言的动向。,34.9,面向对象是怎样工作的(第3版)
董政,本书面向初学者，比较全面的介绍了机器学习的基本方法，循序渐的阐述了其中的数学原理，让读者能够知其然，然后知其所以然。书中结合应用场景，列举了大量编程实例帮助读者展动手实践，理论与实践相辅相成，对算法原理产生更加直观和感性的认识。作者希望能够通过本书帮助读者揭人工智能领域的神秘面纱，走人工智能和机器学习的大门，了解其中的奥秘，甚至成为该领域的学习者、研究者和实践者。,47.4,机器学习入门:数学原理解析及算法实践
张俊红,集Python、Excel、数据分析为一体是本书的一大特色。本书围绕整个数据分析的常规流程:工具熟悉-获取数据-数据熟悉-数据处理-数据分析-分析结果行Excel 和Python 对比实现，告诉你每一个过程中都会用到什么？过程与过程之间有什么联系。这样一本书既可以作为系统学习数据分析流程操作的说明书，也可以作为一本数据分析师案头的实操工具书，随时备查。本书通过对比Excel 功能操作去学习Python 的实现代码，而不是直上来就学习Python代码，大大降低了学习门槛，消除了读者对代码的恐惧心理。适合刚行的数据分析师，也适合对Excel 比较熟练的数据分析师，或从事其他岗位想提高工作效率的职场人。,19.99,对比Excel，轻松学习Python数据分析
韩伟;赵盼,"本书从初学者的角度出发，提供了Python从门到数据分析可视化再到Web发所需要的知识和技能,适用对象为基础门者和技能爬升者。 本书按照技能的熟练程度分为篇。篇初窥门径（第1~3章）主要包含的Python基础语法知识。第二篇略有小成（第4~6章），读者从这里始始学习Python数据处理，并体验如何调用Python第三方库实现Web数据交互可视化分析。第三篇登堂室（第6和7章），读者自此始触Django，并学习如何使用Django发一个静态网站。第四篇融会贯通（第8章），借由此章读者可以将前面学习的内容融会贯通，并能根据自己的理解实现一些简单的功能，并据此完成投票网站的发。第五篇炉火纯青（第9章），本章是对前面几章内容的升华，需要读者充分掌握前两个案例才能理解本章的内容。学会了本章，读者将完成一个精美的、功能完善的数据分析可视化网站，并可以应用于日常生活和工作。第六篇返璞归真（第10章），本章将讲解如何将发好的应用程序部署在服务器上实现实际应用，读者将初步触服务器部署的一些基础知识，并感受到学无止境。 本书适合Python爱好者，需要学习编程辅助提高工作效率的在职者，以及具备一定编程基础，想要发作品的自学者阅读。",48.3,Python Web数据分析可视化——基于Django框架的开发实战
"(美)科尔曼(Cormen,T·H)",读者将理解什么是计算机算法，如何描述它们，以及如何来评估它们。这些计算机算法将提供：利用计算机搜索信息的简单方式；解决各种排序问题的方法；利用有向无环图和短路径法来解决基本问题的方法（可用于建模公路网络，任务间的依赖以及金融关系；解决字符串（例如DNA结构）问题的方法；密码学背后的基本原理；数据压缩的基础知识；以及甚至一些没有人能够理解如何在计算机上用相当长的时间来解决的问题。? ?,38.35,算法基础:打开算法之门
(美)布莱恩·W· 柯尼汉(Brian W· Kernighan),从1999年始，作者在普林斯顿大学设了一门名为“我们世界中的计算机”的课程（COS 109：Computers in Our World），这门课向非计算机专业的学生介绍计算机的基本常识，多年来大受学生追捧。本书就是基于这门课程的讲义编写而成的，书中不仅解释了计算机和通信系统的工作原理，还分析了新技术带来的隐私和安全问题。第2版的新增章节讨论了Python编程、人工智能、机器学习以及大数据等内容。本书适合所有希望了解数字世界的读者阅读，通过了解技术的工作原理、起源和未来发展趋势，更好地理解并改变我们身处的世界。,47.4,普林斯顿计算机公开课(原书第2版)
[美]布莱恩·克里斯汀,如今的“机器学习”系统已具备非凡能力，能够在各种场合代替我们看和听，并代表我们做决定。但是警钟已经敲响。随着机器学习飞速发展，人们的担忧也在与日俱增。如果我们训练的人工智能（AI）做的事情与我们真正的目的不符，就会引发潜在的风险和伦理问题。研究人员称之为对齐问题（the alignment problem）。 畅销书作家布莱恩·克里斯汀用生动的笔调，清晰阐释了AI与我们息息相关的问题。在书中，我们将认识批积极应对对齐问题的学者，了解他们为了避免AI发展的局面失控，付出的卓绝努力和雄心勃勃的计划。克里斯汀不仅精练地描绘了机器学习的发展史，并且亲自深科研一线同科学家对话，准确呈现了机器学习前沿的展。读者可以清晰认识到，对齐问题研究的成败，将对人类的未来产生决定性影响。 对齐问题还是一面镜子，将人类自身的偏见和盲暴露出来，让我们看清自己从未阐明的假设和经常自相矛盾的目标。这是一部精彩纷呈的跨学科史诗，不仅审视了人类的科技，也审视了人类的文化，时而让人沮丧，时而又柳暗花明。,49.99,人机对齐
虞芬 张扬  靳红霞 主编,微信小程序是一种“即用即走”的应用。本书重视理论讲解与实际操作的结合，力求通过丰富的案例详细讲解微信小程序发的流程和实用技术。全书共 15 章，内容涵盖微信小程序简介、微信发者工具、基础架构、文件配置、WXML语法、WXSS 布局、WXS 语法等基础概念，以及在小程序中使用 JavaScript 语言的方法，微信小程序核心组件的使用方法，通过 API 模块实现复杂程序的方法，云发模式，自定义组件发方法，常用第三方组件库的使用方法等实用技术，后两章还引了两个项目实战案例，以便读者上手体验微信小程序的真实发流程。 本书可作为高等院校计算机等相关专业学生的教材，也可作为广大计算机编程爱好者的参考书。,38.8,微信小程序开发与实战(微课版)
王琤,本书全面介绍了数据架构与数据建模的相关知识，全书分为4篇，共16章。 第1~3章为数据架构基础篇，介绍了企业架构、数据架构及数据模型的基础概念。第4~9章为数据模型设计篇，介绍了如何通过数据模型记分卡规范化数据模型设计，以及经典数据建模方法论，包括范式建模、维度建模、Data Vault建模、统一星型建模。第10~12章为数据模型落地篇，介绍了在企业中如何实现多人协作构建模型、如何管控数据模型、数据模型数据与数据标准，以及元数据如何形成数据治理闭环。第13~16章为行业数据模型篇，分别介绍了证券、保险、教育、航空业的数据架构及数据模型。 本书既可以作为数据建模人员、数据发人员的学习用书，也适合非IT专业但对数据有强烈兴趣的业务人员使用，还可以作为高等院校计算机、数学及相关专业的师生用书和培训学校的教材。,49.5,数据架构之道:数据模型设计与管控
阳光灿烂 著,本书旨在帮助读者掌握如何用Python有效地处理Excel数据，实现办公自动化。本书首先介绍开发环境的搭建和Excel模块的安装，接着讲解编写代码前的准备，然后介绍如何使用openpyxl和pandas这两个模块编写员工信息表查询案例，*后介绍PyInstaller模块与.py文件的编译，以及如何快速移植本书案例的代码。本书不仅适合办公人员阅读，还适合想要了解openpyxl模块和pandas模块的初级开发人员阅读。,51.07,用Python轻松处理Excel数据
罗锐,本书对因果推断相关知识行了系统、全面的介绍，为便于学习，对大多数知识都行了详细的推导说明。,47.0,因果推断:基于图模型分析
孙晓南,本书系统讲解了Excel数据透视表的基础知识、使用方法和应用技巧，让读者可以得心应手地运用数据透视表分析表格数据，解决工作上的难题，提高工作效率。 本书共13章，分别介绍了数据透视表的基础知识、创建数据透视表、布局数据透视表、刷新数据透视表、美化数据透视表、数据透视表的排序和筛选、数据透视图、数据透视表的项目组合、数据计算、复合数据透视表、使用多种数据源创建数据透视表、使用VBA操作数据透视表和数据透视表综合案例的相关内容，并且从实际工作出发，剖析数据透视表的应用，使读者更容易将学到的技能应用到日常工作中。 本书知识全面，案例丰富，讲解细致，实用性强，能够满足不同层次读者的学习需求，适用于职场办公人员、统计人员、财会人员、数据管理人员等作为自学参考用书，也可供各类培训学校作为教材使用。,47.6,Excel数据透视表从入门到精通
王力;张秉晟;等,随着社会数字化和信息化的程度越来越高，数据资源作为一种互联网时代的新能源所表现出的数据流动价值越来越得到人们的重视。在大数据背景下，机器学习技术正被广泛应用在各个领域，充分发挥数据的价值。与此同时，在对数据隐私的担忧声中，政府始行动制定数据使用合规法案。传统的机器学习方法受到了制约，大量的数据因为需要依法保护而无法被联合在一起行建模，隐私保护机器学习的概念应运而生。本书将介绍隐私保护机器学习的原理、方法和应用，主要介绍机器学习和隐私保护技术的基础知识，并讲解隐私保护机器学习的应用，包括隐私求交、安全多方计算、线性模型、树模型、神经网络。同时本书还介绍隐私保护机器学习的具体应用场景，深讲解其技术原理。,2.0,隐私保护机器学习
黄哲铿,"本书旨在帮助计算机IT技术人员提升职场核心技能、架构思维、团队管理能力、商业认知，让每一位普通的技术从业者，修炼成为""技术职场超级个体”，通过全面升级个人的底层操作系统，从容地应对快速变化的世界。本书按照技术职场人的成长轨迹，首先关注技术人的职场定位、思维方式升级、职场沟通、架构思维、学习能力和创新能力。然后介绍从技术转管理会踩的坑、有效管理的原则、造高效组织架构、团队高效执行力、技术人才的选用育留、管理者的自我修养、管理者的商业思维。全书总结了从程序员到技术高管，所需的72项技能。这些技能来自50多位一线互联网公司从业者的经验总结，以及作者将近20年的职场经验。如果你是技术职场小白，本书的""技术人的自我修养”""思维方式的升级”""学习力与创新力”等章节，可以帮助你树立正确的价值观、培养良好的职业习惯、提升思维能力、提高学习力和创新力，为技术职场的腾飞下牢固坚实的基础。如果你是寻求突破的资深工程师，本书的""技术人的难‘言’之痛”""技术人都要学的架构思维”""管理中常见的‘坑’”等章节，可以帮助你提升沟通技巧和架构思维，跨越从技术到管理的鸿沟，发掘更多自身的可能性，突破""35岁职场现象”，技术职场的另一片广阔天地。如果你是技术管理者，本书的""有效管理的原则”""造高效的组织架构”""团队高效执行力”""管理下属：人才的选用育留”""管理者的自我修养”""技术人的商业思维”等章节，可以帮助你提升商业思维，掌握业界领先的团队管理工具，实现""技术驱动商业腾飞”的梦想。",62.3,技术人修炼之道:从程序员到百万高管的72项技能(第2版)
王志立;雷鹏斌;吴宇凡,本书系统阐述自然语言处理基础知识，以及自然语言处理高级模型应用等高级知识。 全书共11章：第1~5章为自然语言处理的基础知识，第6~11章则将自然语言处理知识应用于实战。书中主要内容包括预训练模型、文本分类、机器阅读理解、命名实体识别、文本生成、模型蒸馏与剪枝及损失函数等知识。 书中包含大量应用示例，不仅可以学会理论知识还可以灵活应用。书中示例基于Linux与PyTorch环境发，读者在学习自然语言处理知识的同时还可学会PyTorch框架技术，内容完整、步骤清晰，提供了工程化的解决方案。 本书可作为有一定深度学习基础的读者的门书，也可作为从事自然语言处理算法工作的技术人员及培训机构的参考书。,41.3,自然语言处理——原理、方法与应用
(美)James P· Carse(詹姆斯·卡斯),在这本书中，卡斯向我们展示了生活中两种类型的「游戏」：「有限的游戏」和「无限的游戏」。有限的游戏，其目的在于赢得胜利；无限的游戏，却旨在让游戏永远行下去。有限的游戏在边界内玩，无限的游戏玩的就是边界。有限的游戏具有一个确定的始和结束，拥有特定的赢家，规则的存在就是为了保证游戏会结束。无限的游戏主张「为了游戏而游戏」，在这里，规则要保证游戏的无限性，所以规则是可变的。*恰当的例子也许就是「人生」。,34.0,有限与无限的游戏:一个哲学家眼中的竞技世界
郝瑞琪,本书以产品从0到1的诞生为主线，逐篇递进的分析讲解，让用户站在全貌视觉学习产品相关知识，同时针对很多从事1-2年的产品同事，他们每日画原型枯燥乏味，不知道该如何提升自己竞争力，在后面的篇幅中增加了提升内容，助力提升产品经理在各个方面的综合竞争优势。本书还介绍了相关职场应聘等相关经验分享。本书内容通俗易懂，描述翔实，图文并茂。本书适合阅读的对象有，0~1岁产品小白晋级，应届大学生择业/入门，互联网行业相关岗位转行，传统行业从业者转型。,43.4,产品经理成长笔记
[美]乔治·海涅曼(George T· Heineman) 著,在编写代码时，每位软件专业人士都需要对算法有充分的理解。在这本实用性极强的著作中，作者对一些关键的算法行了详实的描述，可以有效地提高用各种语言编写代码的质量。软件发人员、测试人员和维护人员可以在本书中学会如何使用算法，以创造性的方式解决计算性问题。 本书各章内容前后衔紧密，环环相扣，用醒目的图表有条不紊地展示了一些核心概念，并对书中介绍的每种算法的性能行了分析。在每一章的后，读者需要应用在该章所学习的知识，解决一个新颖的具有挑战性的问题，就像在参加技术面试。 在本书中，读者将会： 学习计算机科学和软件工程中非常重要且基本的算法； 学习高效解决问题的常用策略，包括分治法、动态规划等； 使用大O表示法对代码行分析，评估它的时间复杂度； 在算法中使用现有的Python程序库和数据结构解决问题； 理解重要算法的主要步骤。,51.07,算法学习指南
高登 主编,本书详细介绍了Python的基础知识，以及Python在办公自动化、大数据技术、人工智能技术等方面的应用，是一本注重实践、突出培养读者动手能力的教材。 本书共11个项目，分为基础篇、办公自动化应用篇、拓展学习篇，内容包括Python门、Python运算符与表达式、Python循环与判断、Python数据类型、Python函数与模块、Python正则表达式与爬虫、使用Python处理Excel文件、使用Python处理Word与PDF文件、使用Python处理图像、数据处理与数据可视化、使用机器学习算法对电影分类。 本书适合作为高等教育本、专科院校计算机相关课程的教材，也可供Python爱好者自学使用。,31.9,Python基础与办公自动化应用(微课版)
[美] 克里斯·里科米尼(Chris Riccomini);[美] 德米特里·里亚博伊(Dmitriy Ryaboy) 著,对于刚刚成为软件工程师的新手来说，知道如何编写代码只是成功了一半。你可能很快就会发现，学校并没有教授在现实世界中至关重要的技能和工作中必要的流程。本书恰恰填补了这一环节，它是作者十多年来在大型公司指导初级工程师工作的教程，涵盖软件工程的基础知识和best实践。 本书第1～2 章讲解当你在公司启你的职业生涯时会发生什么；第3～11 章会扩展你的工作技能，教你如何使用现有代码库、解决和防止技术债、编写生产级软件、管理依赖关系、有效地测试、评审代码、交付软件、处理On-Call 时的事故和构建可演的架构等；剩余章节涵盖管理能力和职业阶梯的提升等相关内容，例如敏捷计划、与管理者合作以及成长为资深工程师的必经之路。本书中非常重要的一部分内容是教你如何应对糟糕的管理，以及如何调整自己的节奏。 本书内容不仅浅显易懂，还覆盖整个软件发周期，是一本技术主管希望每名新行的工程师在始工作之前都能阅读的书。,51.07,程序员的README
苏江,本书是一本针对AI时代的实用性导向的书籍，它致力于帮助读者掌握与AI助手高效对话的技巧。随着人工智能技术的飞速发展，智能交互、语音识别、自然语言处理等应用已深到我们的日常生活和工作的方方面面，提问技巧成为每个人在这个时代的核心竞争力。本书特别关注AI对话中的Prompt技巧以及新兴职业Prompt Engineer。Prompt是与AI助手行交流的重要工具，Prompt Engineer则负责设计和优化Prompt，以满足不同行业和领域的需求，成为未来就业市场的热门职业之一。尤其在教育领域，AI技术的应用引发了家长们的焦虑：当AI技术能胜任许多学习任务时，孩子的教育目标和竞争力何在？本书回应了这一问题，鼓励家长们调整教育观念，培养孩子的创造力、批判性思维和团队协作能力，使他们成为未来社会发展的核心竞争力。本书不仅教授如何避免循环提问、设计精准指令、考虑上下文等关键技巧，还展望了AI技术的未来发展。这将帮助读者把握未来成功的关键因素。无论是职场人士、学生、AI技术爱好者，还是对未来社会发展感兴趣的公众，本书都将为你提供具有实际应用价值的知识和技巧。让我们一起踏上探索AI时代的旅程，从“做题家”转变为“出题家”，在这个充满机遇和挑战的新世界中勇往直前！,41.3,学会提问:AI大模型时代与ChatGPT对话的关键技能
李楠;秦建军;李宇翔;朱丽萍,本书是面向青少年的人工智能科普书和门读物，立足于趣味性、科学性、知识性和实践性，尽量避免晦涩专业术语对阅读流畅性的影响。书中还包含数十个精心筛选的实践案例，可根据读者需要灵活选用。 全书共5 个单元、14章，从人工智能的发展简史讲起，以语音、图像、生活中的典型场景及伦理问题为主要知识载体，聚焦问题，深浅出地引出人工智能的基本思想、主要原理、知识概念、典型应用实践等。 本书可作为青少年课外科普读物和中学信息技术等学科的辅助教材、职业院校的专业教材和本科阶段的通识教育教材，还可作为相关培训教材和科学素质提升读本。,45.37,人工智能通识讲义
谢希仁,本书自1989年首次出版以来，曾于1994年、1999年、2003年、2008年和2013年分别出了修订版。在2006年本书通过了*的评审，被纳普通高等教育“十一五”*规划教材；2008年出版的第5版获得了*2009年精品教材称号。2013年出版的第6版是“十二五”普通高等教育本科*规划教材。现在的第7版又在第6版的基础上行了一些修订。 全书分为9章，比较全面系统地介绍了计算机网络的发展和原理体系结构、物理层、数据路层（包括局域网）、网络层、运输层、应用层、网络安全、互联网上的音频/视频服务，以及无线网络和移动网络等内容。各章均附有习题（附录A给出了部分习题的答案和提示）。全书课件（PowerPoint文件）放在电子工业出版社悦学多媒体课程资源平台上(http://yx.51zhy.cn/mtrcsRes/phei_cnetwork.jsp)，供读者下载参考。 本书的特是概念准确、论述严谨、内容新颖、图文并茂，突出基本原理和基本概念的阐述，同时力图反映计算机网络的一些*发展。本书可供电气信息类和计算机类专业的大学本科生和研究生使用，对从事计算机网络工作的工程技术人员也有参考价值。,34.0,计算机网络(第7版)
（美）Stephen Prata,C 是在 C 语言基础上发的一种集面向对象编程、泛型编程和过程化编程于一体的编程语言，是C语言的超集。《C Primer Plus(第6版)中文版》是根据2003年的ISO/ANSI C 标准编写的，通过大量短小精悍的程序详细而全面地阐述了 C 的基本概念和技术，并专辟一章介绍了C 11新增的功能。 　　全书分18章和10个附录。分别介绍了C 程序的运行方式、基本数据类型、复合数据类型、循环和关系表达式、分支语句和逻辑运算符、函数重载和函数模板、内存模型和名称空间、类的设计和使用、多态、虚函数、动态内存分配、继承、代码重用、友元、异常处理技术、string类和标准模板库、输/输出、C 11新增功能等内容。 　　 《C Primer Plus(第6版)中文版》针对C 初学者，书中从C语言基础知识始介绍，然后在此基础上详细阐述C 新增的特性，因此不要求读者有C语言方面的背景知识。本书可作为高等院校教授C 课程的教材，也可供初学者自学C 时使用。,31.99,C++ Primer Plus(第6版)中文版
"伊恩·古德费洛 （Ian Goodfellow）, 约书亚·本吉奥 （Yoshua Bengio）",《深度学习》由全球知名的三位专家Ian Goodfellow、Yoshua Bengio 和Aaron Courville撰写，是深度学习领域奠基性的经典教材。全书的内容包括3个部分：第1部分介绍基本的数学工具和机器学习的概念，它们是深度学习的预备知识；第2部分系统深地讲解现今已成熟的深度学习方法和技术；第3部分讨论某些具有前瞻性的方向和想法，它们被公认为是深度学习未来的研究重。 《深度学习》适合各类读者阅读，包括相关专业的大学生或研究生，以及不具有机器学习或统计背景、但是想要快速补充深度学习知识，以便在实际产品或平台中应用的软件工程师。,19.99,深度学习(deep learning)
齐伟,本书系统地阐述机器学习的数学基础知识，但并非大学数学教材的翻版，而是以机器学习算法为依据，选取数学知识，并从应用的角度阐述各种数学定义、定理等，侧重于讲清楚它们的应用和实现方法。所以，书中将使用发者喜欢的编程语言（Python）来实现各种数学计算，并阐述数学知识在机器学习算法中的应用体现。,53.0,机器学习数学基础
明日科技,                    《Python从门到精通》从初学者角度出发，通过通俗易懂的语言、丰富多彩的实例，详细介绍了使用Python行程序发应该掌握的各方面技术。全书共分22章，包括初识Python、Python语言基础、运算符与表达式、流程控制语句、列表与元组、字典与集合、字符串、Python中使用正则表达式、函数、面向对象程序设计、模块、异常处理及程序调试、文件及目录操作、操作数据库、GUI界面编程、Pygame游戏编程、网络爬虫发、使用程和线程、网络编程、Web编程、Flask框架、e起去旅行网站等。所有知识都结合具体实例行介绍，涉及的程序代码都给出了详细的注释，读者可轻松领会Python程序发的精髓，快速提升发技能。除此之外，本书还附配了235集高清教学微视频及PPT电子教案。                 ,47.88,Python从入门到精通
曾志超 王楠 陈韵巧 刘昌源 著,在以ChatGPT为代表的大模型掀起AIGC（人工智能生成内容）应用热潮之后，各行各业都希望深了解流行的AI工具，将其引日常工作，以节省工作时间，提高办公效率。本书作者团队较早始将AI工具应用于实际工作，积累了丰富的使用经验，因此为没有太多技术基础的职场人士创作了这本实操指南。 本书分为三篇，上篇是基础篇，介绍了AIGC的基础知识及其应用潜力；中篇是工具篇，介绍了AI文本应用、AI绘画和AI图像处理的国内外流行工具的基本功能和基础用法；下篇是应用篇，分别介绍了通用办公场景下的AI应用以及不同行业、不同岗位的典型办公场景下的AI应用。书中提供了大量的实用案例，读者可以参考并模仿操作。,38.9,AI办公应用实战一本通:用AIGC工具成倍提升工作效率
[美] J· 格伦•布鲁克希尔(J· Glenn Brookshear) 著,本书是计算机科学概论课程教材，全书对计算机科学做了百科全书式的精彩阐述，充分展现了计算机科学的历史背景、发展历程和新的技术趋势。本书首先介绍的是信息编码及计算机体系结构的基本原理，而介绍操作系统和组网及因特网的相关内容，着探讨算法、程序设计语言及软件工程，然后讨论数据抽象和数据库方面的问题，讲述图形学的主要应用以及人工智能，后以计算理论的介绍结束全书。本书在内容编排上由具体到抽象逐步推，很适合教学安排，每一个主题自然而然地引导出下一个主题。此外，书中还包含大量的图、表和示例，有助于读者对知识的了解与把握。 第13版的全彩色印策略允许我们制作许多更具描述性的图和图表，使用语法着色对阐明本书中的代码和伪代码段有更好的效果。 本书非常适合作为高等院校计算机以及相关专业本科生教材，也可以供有意在计算机方面发展的非计算机专业读者作为门参考。,56.96,计算机科学概论(第13版)
张建飞,本书涵盖程序员应知应会的16种思维能力，共18章，分为三部分。部分主要介绍抽象思维、逻辑思维、结构化思维、批判性思维、维度思维、分类思维、分治思维、简单思维，以及成长型思维等解决日常问题的基础思维能力。第二部分结合软件行业的特，主要介绍解耦思维、契约思维、模型思维、工具化思维、量化思维、数据思维，以及产品思维等专业思维能力。第三部分主要是对上述思维能力的综合运用实践。,65.5,程序员的底层思维
明日科技,《C#从门到精通（第6版）》从初学者角度出发，通过通俗易懂的语言、丰富多彩的实例，详细介绍了使用C#行WinForm应用程序发应该掌握的各方面技术。全书分为4篇，共26章，包括初识C#及其发环境、始C#之旅、变量与常量、表达式与运算符、字符与字符串、流程控制语句、数组和集合、属性和方法、结构和类、Windows窗体、Windows应用程序常用控件、Windows应用程序高级控件、数据访问技术、DataGridView数据控件、LINQ数据访问技术、程序调试与异常处理、面向对象技术高级应用、迭代器和分部类、泛型、文件及数据流技术、GDI 图形图像技术、Windows印技术、网络编程技术、注册表技术、线程的使用，以及企业人事管理系统等内容。本书所有知识都结合具体实例行介绍，涉及的程序代码给出了详细的注释，可以使读者轻松领会C#应用程序发的精髓，以快速提高发技能。,34.93,C#从入门到精通(第6版)
"（美）史蒂芬·卢奇（Stephen Lucci）,丹尼·科佩克（Danny Kopec）",作为计算机科学的一个分支，人工智能主要研究、发用于模拟、延伸和扩展人类智能的理论、方法、技术及应用系统，涉及机器人、语音识别、图像识别、自然语言处理和专家系统等方向。 本书包括引言、基础知识、基于知识的系统、高级专题以及现在和未来五部分内容。*部分从人工智能的定义讲起，就人工智能的早期历史、思维和智能的内涵、图灵测试、启发法、新千年人工智能的发展行了简要论述。第二部分详细讲述了人工智能中的盲目搜索、知情搜索、博弈中的搜索、人工智能中的逻辑、知识表示和产生式系统等基础知识。第三部分介绍并探究了人工智能领域的成功案例，如DENDRAL、MYCIN、EMYCIN等经典的专家系统，振动故障诊断、自动牙科识别等新的专家系统，以及受到自然启发的搜索等。第四部分介绍了自然语言处理和自动规划等高级专题。第五部分对人工智能的历史和现状行了梳理，回顾了几十年来人工智能所取得的诸多成就，并对其未来行了展望。 本书系统、全面地涵盖了人工智能的相关知识，既简明扼要地介绍了这一学科的基础知识，也对自然语言处理、自动规划、神经网络等内容行了拓展，更辅以实例，可以帮助读者扎扎实实好基础。本书特色鲜明、内容易读易学，适合人工智能相关领域和对该领域感兴趣的读者阅读，也适合高校计算机专业的教师和学生参考。,18.99,人工智能(第2版)
王苏静;渠继鹏;等,"本书介绍了ChatGPT的前世今生，重聚焦普通人如何使用ChatGPT获得工作和生活效率的提升，各行各业如何通过ChatGPT来改变自己的赛道状态。使用ChatGPT的宝典以及普及ChatGPT背后的技术，普通人可以看懂而且也富有科普性。同时，把AIGC中的生成视频、图像和文本也做了介绍，并提供了大量的工具。后本书认为通过ChatGPT到AIGC,千行百业都会发生革命性变革，应对新变化，只能拥抱新变化，掌握ChatGPT，快人一步。本书四色印刷，所有插图均为人工智能绘制，为本书增加了很多趣味性。",54.6,从ChatGPT到AIGC:人工智能重塑千行百业
任平安,本书通过对K线理论、单根K线、K线组合、K线形态及其综合应用的分析，让散户投资者对每天见到的K线不再陌生，让司空见惯的K线不再普通。全书以独特的视角抽丝剥茧地讲述一根根具备实战操作意义的K线，精选的60多幅A股K线案例图均为编者10余年股市实战所用，去芜存菁，具有较高的价值。阅读本书，投资者会发现，同样的K线不一样的解读，同样的市场不一样的操作。本书可以真正帮助读者读懂K线语言，明白K线故事，把握波段盈利。,15.32,破解K线密码
凌杰 著,本书是《JavaScript 全栈发》在后端发方面的续作。后端发（也称服务端发）指的是创建Web 应用在服务端的实现，并对它行部署与维护的过程。要想成为一名全栈工程师，后端发的技术栈是必须要全面了解并掌握的。本书将以基于 Node.js 运行平台的 Express.js 框架为工具为读者介绍发并维护一个服务端应用所涉及的全部技术栈。 本书主体由两部分组成：部分以发一个“线上简历”应用的服务端业务为演示项目，循序渐地介绍使用 Express.js 框架发服务端应用的具体实践过程；第二部分以“线上简历”应用的部署与维护工作为例，为读者介绍如何使用Docker、K8s 等运维工具来行服务端应用的维护工作。 本书提供了一个可读性高、可被验证的示例项目（包含完整源代码），以帮助读者理解书中所介绍的技术的概念、发框架以及 Web 应用的维护工具。本书适合已经对 JavaScript、HTML 和 CSS 等基本前端技术，以及 Node.js 运行平台有所了解，并对 Web 全栈发及其设计理念感兴趣的读者阅读、使用。,44.67,Node.js 后端全程实战
杨果仁 张良均 主编,本书以Python数据分析的常用技术与交通行业真实案例相结合的方式，深浅出地介绍了Python数据分析与挖掘技术的重要内容。全书共10章，内容包括绪论、Python 数据分析简介、数据获取、数据探索、数据预处理、构建模型、运输车辆驾驶行为分析、公交车站设置优化分析、铁路站客流量预测，以及基于TipDM大数据挖掘建模平台实现运输车辆驾驶行为分析。本书大部分章节包含课后习题，通过练习和操作实践，读者可以巩固所学的内容。 本书可作为高校数据分析相关专业的教材，也可作为交通行业相关的教学、培训教材，还可作为数据分析爱好者的自学用书。,38.8,Python数据分析基础与案例实战
小岩井,"想学习新技能?聊天机器人定制学习计划,语音练习轻松掌握。 想写作无障碍?随时获取写作灵感和文章框架,激发创造力。 想*时间管理?告知任务计划,机器人生成清单并提醒跟进,节省时间精力。 想打开思维潜力?与机器人互动脑力激荡,创意迸发,重现工作热情。 ChatGPT小课程带来人工智能新体验：让它成为你的私人助理+超级军师，自然聊天就能完成学习、写作、管理和头脑风暴。获取脑力资源，提高生产力!",19.99,从零开始玩转ChatGPT
（美）蒂姆·拉夫加登（Tim Roughgarden）,算法是计算机科学领域*重要的基石之一。算法是程序的灵魂，只有掌握了算法，才能轻松地驾驭程序发。 算法详解系列图书共有4卷，本书是第1卷——算法基础。本书共有6章，主要介绍了4个主题，它们分别是渐性分析和大O表示法、分治算法和主方法、随机化算法以及排序和选择。附录A和附录B简单介绍了数据归纳法和离散概率的相关知识。本书的每一章均有小测验、章末习题和编程题，这为读者的自我检查以及一步学习提供了较多的便利。 本书为对算法感兴趣的广大读者提供了丰富而实用的资料，能够帮助读者提升算法思维能力。本书适合计算机专业的高校教师和学生，想要培养和训练算法思维和计算思维的IT专业人士，以及在准备面试的应聘者和面试官阅读参考。,31.36,算法详解(卷1)——算法基础
李福林,本书综合性讲解HuggingFace社区提供的工具集datasets和transformers，书中包括基础的工具集的用例演示，也包括具体的项目实战，以及预训练模型的底层设计思路和实现原理的介绍。通过本书的学习，读者可以快速掌握HuggingFace工具集的使用方法，掌握自然语言处理项目的一般研发流程，并能研发自己的自然语言处理项目。 本书共14章，分为工具集基础用例演示篇（第1~6章），详细讲解HuggingFace工具集的基本使用方法。中文项目实战篇（第7~12章），通过几个实战项目演示使用HuggingFace工具集研发自然语言处理项目的一般流程。预训练模型底层原理篇（13~14章），详细阐述了预训练模型的设计思路和计算原理。 本书将使用简单浅显的语言，带领读者快速地了解HuggingFace工具集的使用方法。通过本书中实战项目的学习，读者可以掌握一般的自然语言处理项目的研发流程。通过本书中预训练模型底层原理的学习，能够让读者知其然也知其所以然，做到融会贯通。 本书适合有PyTorch编程基础的读者阅读，也适合作为对自然语言处理感兴趣的读者的参考图书。,48.3,HuggingFace自然语言处理详解——基于BERT中文模型的任务实战
（美）本·福达（Ben Forta）,SQL是使用*广泛的数据库语言，绝大多数重要的 DBMS 支持 SQL。本书由浅深地讲解了SQL的基本概念和语法，涉及数据的排序、过滤和分组，以及表、视图、联结、子查询、游标、存储过程和触发器等内容，实例丰富，便于查阅。新版对书中的案例行了全面的更新，并增加了章后挑战题，便于读者巩固所学知识。,23.5,SQL必知必会(第5版)
裴鹏飞;邹县芳;等,本书以图解的形式详细介绍Excel VBA的基础知识，提供大量案例来强化Excel VBA的具体操作，内容循序渐、由浅深，方便读者动手实操、提高学习效率。本书共分为14章，主要内容包括：第1~4章详细介绍使用Excel VBA编程必须要掌握的基础知识，包括Excel VBA的基本界面操作、程序发基础知识、窗体与控件、函数与图表的使用等；第5~12章通过丰富的实例介绍如何设计与创建各种常用的企业管理系统，比如员工信息管理系统、销售分析管理系统、抽奖活动管理系统、资产管理系统、文档管理系统、问卷调查管理系统、图书管理系统、年度考核管理数据库；第13和14章介绍Excel VBA的数据统计与分析应用及与其他程序的交互使用，是对Excel VBA的应用的强化提高。,47.0,Excel VBA实战应用一本通(视频教学版)
邓维;李贝;汤小洋;康毅滨;林海玉;刘燕秋;林建雄;刘庆胜;钟晓颖,网络爬虫技术的重之一是网络爬虫框架，因此《Python网络爬虫技术与应用》结合网络爬虫框架的相关案例重介绍网络爬虫的常见框架，包括PySpider网络爬虫框架的安装和使用，Scrapy网络爬虫框架的安装和使用，以及Scrapy网络爬虫管理与部署。另外，《Python网络爬虫技术与应用》对Python网络爬虫发需要的reguests库、Scrapy解析库、存储库、XPath行了介绍，并介绍了requests库、正则表达式、XPath等的使用方法，还重讲解了这些库的实际应用。 《Python网络爬虫技术与应用》以Python网络爬虫发为主线，兼顾理论与实战，全面介绍可操作的Python环境与系统发相关知识，以及大数据算法、大数据分析、大数据系统互补的作用。另外，《Python网络爬虫技术与应用》还赠送课程大纲、教学课件PPT、实验手册、各章习题及答案、期末试卷及答案、教学和实验视频，方便教师授课。 《Python网络爬虫技术与应用》可作为高等院校大数据、计算机、电子信息、软件技术相关专业研究生和高年级本科生的教材，也可作为大数据及编程爱好者的参考用书。,48.86,Python网络爬虫技术与应用
（美）蒂姆·拉夫加登（Tim Roughgarden）,算法详解系列图书共有4卷，本书是第2卷—图算法和数据结构。本书共有6章，主要介绍了3个主题，分别是图的搜索和应用、*短路径以及数据结构。附录简单回顾了渐性表示法。本书的每一章均有小测验、章末习题，这为读者的自我检查以及一步学习提供了方便。 本书提供了丰富而实用的资料，能够帮助读者提升算法思维能力。本书适合计算机专业的高校教师和学生，想要培养和训练算法思维和计算思维的IT专业人士，以及正在准备面试的应聘者和面试官阅读参考。,31.36,算法详解(卷2)——图算法和数据结构
(美)艾森·拉塞尔,本书从五大方面揭示了麦肯锡工作的小窍门，作者从麦肯锡思考问题的方法始，不仅介绍了麦肯锡解决商业问题的方法，同时也介绍了其于无声处听有声的推销方法。想知道麦肯锡的生存之道吗？想知道如何敲麦肯锡这个*公司的大门吗？想知道关于麦肯锡*有价值的回忆吗？在麦肯锡方法的背后透视和规划了职场人的职业之路，本书是走向职场的***之物。,19.5,麦肯锡方法
明日科技,本书是一本综合讲述算法和数据结构的门书，以图解的方式全面介绍了当下比较实用的算法。全书分为4篇，共13章，包括算法门、算法的描述、Python编程基础、排序算法、四大经典算法、其他算法、表算法、树形结构算法、图形结构算法、查找算法、哈希表、使用算法解决常见数学问题、算法常见经典问题等。本书从用户学习与应用的角度出发，所有算法都结合具体生活实例行讲解，涉及的程序代码给出了详细的注释，并且运用大量的示意图和实例应用，力求造零压力的学习氛围，使读者轻松掌握各种主流算法，快速提高发技能，拓宽职场道路。 本书给出了大量的算法实例，所有实例都提供源码，本书的服务网站提供了模块库、案例库、题库、素材库、答疑服务。力求为读者提供一本“基础门 应用发 实战”一体化的Python算法图书。 本书内容详尽，实例丰富，非常适合作为算法初学者的门用书，也适合作为Python发人员的案头随查手册；另外，对于从C 、C#、Java等编程语言转的Python发人员也有很大的参考价值。,27.93,Python算法设计与分析从入门到精通
米夏•戈雷利克(Micha Gorelick)[美]  伊恩•欧日沃尔德(Ian Ozsvald) 著,Python语言是一种脚本语言，应用领域非常广泛，包括数据分析、自然语言处理、机器学习、科学计算、推荐系统构建等。 本书共有12章，围绕如何行代码优化和加快实际应用程序的运行速度行讲解，还介绍了如何解决CPU密集型问题、数据传输和内存密集型问题，如何通过移动数据、PyPy即时编译器和异步I/O提升性能。本书主要包括以下内容：计算机原理、列表和元组、字典和集合、迭代器、Python模块、并发性、集群计算等。最后，本书通过一系列真实案例展现了在应用场景中使用Python时需要注意的问题。,76.67,Python高性能编程(第2版)
(美)凯文·凯利,凯文·凯利（1952~），绰号KK，世界著名科技杂志《连线》创始主编，“网络文化”（Cyberculture）的发言人和观察者，届世界黑客大会发起者。1994年，其预言未来科技发展的传奇著作《失控》横空出世，十几年后，文中所指相继出现，2010年，《失控》中文版问世，即在中国互联网界和科技媒体引起轰动，从此，KK 的一言一行都成为互联网发展的“风向标”。在互联网创业大潮席卷各个领域的今天，当媒体聚焦在路演、IPO 以及科技公司市值时，KK 依旧冷静地游走在*科技产品与人迹罕至的原始部落中，思考科技该如何发展以及人类将怎样依靠科技，从而更加幸福地生活。也许只有这样，才可以预见到那些能够真正改变我们生活的伟大发明。KK 让我们相信，科技带给我们的未来，终将是一个充满温暖、人性与自由的“进托邦（Protolia）”。,11.99,失控（全新修订版）（KK三部曲）
王喜文,本书以通俗的语言和生动的案例，将ChatGPT、AIGC和元宇宙等热一网尽，全面展示“台前”“幕后”的来龙去脉，是一本深浅出的通识书。本书将为你拨迷雾，搞懂底层逻辑，把握风靡全球的未来科技和AI新时代的成长机会。,47.6,一本书读懂ChatGPT、AIGC和元宇宙
(美)艾·里斯(Al Ries);杰克·特劳特(Jack Trout),本书重阐述了商战中的四种常用战略形式，如防御战、攻战、侧翼战和游战，针对每一种形式又提出了三条应遵循的原则，以及如何在具体的商战中应用这些原则。本书分析了商战中的实际案例：可口可乐与百事可乐的战役，汉堡王与温迪斯对麦当劳的挑战以及DEC对阵IBM等。这些人们熟知品牌的案例在作者精心的组织下，使读者不仅加深了对本书中心思想的理解，而且学习了如何在实战中具体应用各种营销战略和策略的技巧。 定位思想正在以下组织或品牌中得到运用 ?王老吉6年超越可口可乐，成为“中国饮料*罐” ?东阿阿胶5年市值增长15倍，从20亿元到300亿元 ?劲霸男装、香飘飘奶茶、芙蓉王香烟、方太厨电、九阳豆浆机、涪陵乌江榨菜、会稽山绍兴酒、大长江集团（豪爵摩托）、立白集团、乡村基快餐、雅迪电动车…… ?IBM成功转型，重铸辉煌 ?西南航空后来居上，市值超美国航空业三强总和 ?惠普、宝洁、汉堡王、美林、默克、雀巢、施乐、百事、宜家等财富500强企业，“棒！约翰”、莲花公司、泽西联合银行、Repsol石油、ECO饮用水、七喜……,27.3,商战(华章管理大师经典之定位系列)
万木杨,处理器是IT、通信、电子产业的基石，没有处理器，信息产业大厦就如同建立在沙滩之上。本书是一本图文并茂、生动幽默的处理器科普读本，全书行文风趣幽默，用类比来解释晦涩的技术，用图画来代替枯燥的文字。本着科技以人为本的理念，本书除了技术外，还介绍了大量人物和公司的故事，供大家闲读。第1章漫游计算机世界，介绍了计算机的前世今生，以及计算机的五脏六腑、七经八脉。第2~5章从外到内，介绍了处理器的外表和内心结构，处理器的核心技术尽在于此。第6章向软件人员介绍了怎样编写高效代码，处理器的客户就是程序员，程序员在处理器上开发程序，不了解处理器怎么好意思，而对处理器了解得越深，编写出来的代码执行效率就越高。第7章介绍了一大堆的处理器公司，现在的人们攒电脑，以后的人们说不定就能攒处理器了。第8章走进处理器的内“芯”世界，介绍处理器芯片是怎么设计与制造出来的。本书的主要读者是IT、通信、电子、半导体行业的从业人员以及学生。喜欢技术的看技术，不喜欢技术的看故事。,5.99,大话处理器——处理器基础知识读本
"Vamei,周昕梓",本书以树莓派基础工具，讲解Linux操作系统。树莓派是近年来流行的微型电脑，能用于各种有趣的硬件开发。树莓派中安装了Linux系统，可以充当操作系统的学习平台。本书按照“树莓派背景知识――树莓派使用――Linux使用――操作系统原理――实操项目”的顺序展开。读者不仅能体验到玩树莓派的乐趣，而且能全面了解操作系统的核心概念和原理。,5.99,树莓派开始，玩转Linux
游皓麟,Python 是一种面向对象的脚本语言，其代码简洁优美，类库丰富，发效率也很高，得到越来越多发者的喜爱，广泛应用于Web 发、网络编程、爬虫发、自动化运维、云计算、人工智能、科学计算等领域。预测技术在当今智能分析及其应用领域中发挥着重要作用，也是大数据时代的核心价值所在。随着AI 技术的一步深化，预测技术将更好地支撑复杂场景下的预测需求，其商业价值不言而喻。基于Python 来做预测，不仅能够在业务上快速落地，还让代码维护更加方便。对预测原理的深度剖析和算法的细致解读，是本书的一大亮。本书共分为3 篇。第1 篇介绍预测基础，主要包括预测概念理解、预测方法论、分析方法、特征技术、模型优化及评价，读者通过这部分内容的学习，可以掌握预测的基本步骤和方法思路。第2 篇介绍预测算法，该部分包含多元回归分析、复杂回归分析、时间序列及阶算法，内容比较有难度，需要细心品味。第3 篇介绍预测案例，包括短期日负荷曲线预测和股票价格预测两个实例，读者可以了解到实施预测时需要关注的技术细节。希望读者在看完本书后，能够将本书的精要融会贯通，一步在工作和学习实践中提炼价值。,41.99,Python预测之美：数据分析与算法实战(双色)
（美）Charles Petzold（查尔斯.佩措尔德）,　　这是一本讲述计算机工作原理的书。不过，你千万不要因为“工作原理”之类的字眼就武断地认为，它是晦涩而难懂的。作者用丰富的想象和清晰的笔墨将看似繁杂的理论阐述得通俗易懂，你丝毫不会感到枯燥和生硬。更重要的是，你会因此而获得对计算机工作原理较深刻的理解。这种理解不是抽象层面上的，而是具有一定深度的，这种深度甚至不逊于“电气工程师”和“程序员”的理解。,23.99,编码——隐匿在计算机软硬件背后的语言
猴子·数据分析学院,《数据分析思维：分析方法和业务知识》分为两大部分：“方法篇”和“实战篇”。 “方法篇”介绍了数据分析中常用的业务指标、分析方法以及如何用数据分析解决问题的步骤。 “实战篇”讲解了如何应用*篇的方法来解决工作中的问题，分享十二个行业（国内电商、跨境电商、金融信贷、金融第三方支付、家政、旅游、在线教育、运营商、内容、房产、汽车、零售）的业务知识，以及该行业内用数据分析解决问题的实例。每个行业都包括业务模式、业务指标、案例分析三方面的内容。 通过本书的学习，你会熟悉数据分析的方法，并将其灵活应用在自己所处的行业中。,29.99,数据分析思维:分析方法和业务知识
王国平,《Python Office：轻松实现Python办公自动化》分为6篇。 第1篇Python编程基础篇，介绍Python语言及发环境搭建、Python编程基础、利用Python行数据准备； 第2篇Excel数据自动化处理篇，介绍利用Python行数据处理、数据分析和数据可视化； 第3篇Word文本自动化处理篇，介绍文本自动化处理、利用Python行文本自动化处理、利用Python制作企业运营月报Word版； 第4篇幻灯片自动化制作篇，介绍幻灯片自动化制作、利用Python行幻灯片自动化制作、利用Python制作企业运营月报幻灯片； 第5篇邮件自动化处理篇，介绍利用Python批量发送电子邮件、利用Python获取电子邮件、利用Python自动发送电商会员邮件； 第6篇文件自动化处理篇，介绍利用Python行文件自动化处理。 《Python Office：轻松实现Python办公自动化》从实际工作需求的角度，详细介绍了基于Python的办公自动化技术，既可以作为职场人员学习Python办公自动化的自学用书，也可以作为高等院校相关专业学生的参考用书。,55.3,Python+Office:轻松实现Python办公自动化
马国俊,《Python网络爬虫与数据分析从门到实践》从初学者的视角出发，以案例实操为核心，系统地介绍网络爬虫的原理、工具使用与爬取技术，并详细讲解数据分析的各种技巧。本书主要内容包括：Python基础语法，数据分析工具NumPy、Pandas、Matplotlib的使用，网络爬虫库Urllib、BeautifulSoup、Scrapy，正则表达式在网络爬虫中的应用，数据预处理与数据分析方法、中文文本处理、文本向量化技术，以及机器学习算法在数据分析中的应用。书中还给出了大量案例和项目，可以帮助读者快速上手，提高实用技能。 《Python网络爬虫与数据分析从门到实践》内容丰富，注重实操，适用于网络爬虫岗位、数据分析岗位的初级工程师和各类工程技术人员，还可作为高校经济、管理、人文社科、大数据等专业的教学用书。,55.86,Python网络爬虫与数据分析从入门到实践
林锐,本书以高效展研发组织管理工作为目标，首先引研发管理的常见问题，然后介绍研发管理的概念、目的、建设思路，以及如何从头创建一个项目（包括项目管理过程、项目发过程、项目实施过程、产品管理和营销客服过程、研发支持过）。本书围绕研发管理体系的四个要素—思想方法、工作流程、配套工具和人力资源行了详细讲解。阅读本书，读者可从中学习到如何建立自我成长、高效能的研发作战团队，从而在预定的时间和成本之内发出让消费者满意的产品。,38.27,研发管理快速上手
王衡军,本书以任务为导向，讨论了机器学习和深度学习的主要问题，包括聚类、回归、分类、标注、降维、特征工程、超参数调优、序列决策（强化学习）和对抗攻等。书中对上述每个问题，分别从决策函数类模型、概率类模型和神经网络类模型三个角度来讨论具体的实现算法。   本书在内容上兼顾基础知识和应用实践。总体上，以基本理论知识为主线，逐步展，从概念手，逐步讨论算法思想，着重考虑知识的关联性，最后落实到机器学习扩展库和深度学习框架的具体应用。具体到每个模型，采用以示例手、逐渐深的方式，尽量给出详尽的分析或推导。   本书的特是主要通过示例来讨论相关模型，适合初学者门使用。本书示例代码采用Python 3程序设计语言编写。传统机器学习算法的应用示例主要以ScikitLearn机器学习扩展库来实现，隐马尔可夫模型示例用hmmlearn扩展库来实现，条件随机场模型示例用CRF 工具来实现。深度学习算法的示例采用TensorFlow 2框架和MindSpore框架来实现。   本书适合计算机、人工智能及相关专业的学生使用，对于相关技术研究人员也有参考价值。,48.93,机器学习与深度学习(Python版·微课视频版)
(美)尼尔·福特;(美)马克·理查兹;(美)普拉莫德·萨达拉奇;(澳)扎马克·德加尼,在软件架构中没有简单的决策。相反，这里充斥着艰难的部分——困难的问题，并且没有实践——迫使你在其中做选择。在本书中，你将学会如何用批判性思维来考虑分布式架构中的利弊。 本书探讨了选择适架构的策略。通过穿插一个虚构的技术小组的故事—— Sysops Squad——试验各种可能性，从如何确定服务粒度、管理工作流和编排、管理和解构契约、管理分布式事务，到如何优化运维性特征，例如可伸缩性、弹性和性能。通过关注在常见问题上，本书可以帮助作为架构师的你遇到问题时如何发掘和权衡利弊。无论你是渴望成为架构师，还是早已经验丰富，都无需手忙脚乱，本书将详细指导你在创建企业级应用和微服务的过程中取得成功。,83.0,分布式系统架构:架构策略与难题求解
[日]矢泽久雄,　　《计算机是怎样跑起来的》倡导在计算机迅速发展、技术不断革新的今天，回归到计算机的基础知识上。通过探究计算机的本质，提升工程师对计算机的兴趣，在面对复杂的*技术时，能够迅速掌握其要并灵活运用。 　　《计算机是怎样跑起来的》以图配文，以计算机的三大原则为端、相继介绍了计算机的结构、手工汇编、程序流程、算法、数据结构、面向对象编程、数据库、TCP/IP 网络、数据加密、XML、计算机系统发以及SE 的相关知识。本书适合计算机爱好者和相关从业人员阅读。 　　《计算机是怎样跑起来的》图文并茂，通俗易懂，非常适合计算机爱好者和相关从业人员阅读。,6.39,计算机是怎样跑起来的
王英英,本书主要内容包括MySQL的安装与配置、数据库的创建、数据表的创建、数据类型和运算符、MySQL函数、查询数据、数据表的操作（插、更新与删除数据）、索引、存储过程和函数、视图、触发器、用户管理、数据备份与还原、MySQL日志、性能优化、MySQL Replication、MySQL Workbench、MySQL Utilities、MySQL Proxy、PHP操作MySQL数据库和PDO数据库抽象类库等。*后通过3个综合案例的数据库设计，一步讲述MySQL在实际工作中的应用。 本书共有480个实例和16个综合案例，还有大量的经典习题。随书赠送了近20小时培训班形式的视频教学录像，详细讲解了书中每一个知识和每一个数据库操作的方法和技巧，同时还提供了本书所有例子的源代码，读者可以直查看和调用。 本书注重实战操作，帮助读者循序渐地掌握MySQL中的各项技术，非常适合MySQL数据库初学者、MySQL数据库发人员和MySQL数据库管理员阅读，同时也能作为高等院校和培训学校相关专业师生的教学用书。,44.8,MySQL 8从入门到精通(视频教学版)
秋叶  刘晓阳 编著,《和秋叶一起学——Word Excel PPT办公应用从新手到高手》是指导初学者学习Word/Excel/PPT办公软件的图书，通过职场中常见的案例，介绍初学者需要掌握的Word/Excel/PPT常用功能及使用技巧。 全书分为3篇，共11章。“Word办公应用”篇介绍办公文档的录与编排、图文混排型文档的制作、表格型文档的创建与编辑、Word样式与模板的应用、批量生成文档与邮件合并；“Excel办公应用”篇介绍工作簿和工作表的创建与美化，数据的排序、筛选与汇总，数据透视表与图表的应用，函数与公式的应用；“PPT设计与应用”篇介绍演示文稿的编辑与设计、动画设计与放映设置。 《和秋叶一起学——Word Excel PPT办公应用从新手到高手》适合职场人士阅读，也可以作为职业院校相关专业的教材或企业的办公技能培训参考用书。,38.34,和秋叶一起学——Word Excel PPT办公应用从新手到高手
杨晨,《财务分析那些事儿：Power BI财务数据实战》从财务分析师的视角阐述了Power BI在日常财务工作中的应用，主要包括搭建财务模型、制作分析报告、风险控制、制定预算和财务分析案例等方面，对提升数据处理效率、行可视化展示都提供了解决方案。 本书的特是将日常的财务工作和Power BI的各项功能结合起来介绍Power BI 在财务工作中的应用，可操作性强，读者在学习之后就可以立即应用到日常工作中。 本书适合财务分析师或有意转做财务分析的人员阅读，也可作为大专院校经管专业学生了解管理会计、财务分析等实际操作的阅读材料。,39.5,财务分析那些事儿:Power BI财务数据实战
徐捷;肖兴,本书通过100多个案例及300多分钟同步教学视频，帮助您完全精通剪映手机版和电脑版的操作。具体内容从下面两条线展： 一条是手机剪辑线，详细介绍了剪映手机版的剪辑功能，包括视频剪辑、滤镜调色、字幕动画、背景音效、卡特效及综合案例等。 另一条是电脑剪辑线，详细介绍了剪映电脑版的实用功能，包括字幕贴纸、音乐卡、抠图技术、蒙版合成、关键帧动画、转场特效、变速效果、片头片尾及综合案例等。,44.5,剪映短视频制作完全自学一本通(手机版+电脑版)
张杰,本书主要介绍如何使用Python 中的matplotlib、Seaborn、plotnine、Basemap 等包绘制专业图表。本书首先介绍Python 语言编程的基础知识，以及NumPy 和Pandas 的数据操作方法；再对比介绍matplotlib、Seaborn 和plotnine 的图形语法。本书系统性地介绍了使用matplotlib、Seaborn 和plotnine 绘制类别对比型、数据关系型、时间序列型、整体局部型、地理空间型等常见的二维和三维图表的方法。另外，本书也介绍了商业图表与学术图表的规范与差异，以及如何使用matplotlib 绘制HTML 交互页面动画。,15.0,Python数据可视化之美：专业图表绘制指南(全彩)
张琰彬;蒲鹏;等,本书基于DevOps的文化和理念，介绍基于DevOps的研发流程一体化的过程。 本书分为理论篇和实践篇。理论篇包括5章：DevOps诞生与发展，DevOps标准与落地框架，软件交付，基础设施即代码，软件质量管理。实践篇包括5章：DevOps基础实践，DaseDevOps示例程序，DaseDevOps测试用例，CI/CD实践，发布平台监控与日志实践。 本书内容充实、结构清楚，理论与实践相结合，适合作为高校相关课程的教材，也适合DevOps初学者和从事该行业并需要提升DevOps技能的人员参考。,48.86,DevOps原理与实践
(美)杰克 D·施瓦格,　　本书记录了17位令人称奇的金融怪杰： 　　一位在投资生涯早期几次输光离场的交易员，终将3万美金做到了8 000万美金。 　　一位基金经理管理的基金连续五年收益率都达到三位数（即收益率在100%~999%）。 　　一位股指期货交易高手，其平均月收益率达到25%，年化收益率超过1 400%。 　　一位毕业于麻省理工学院的理工科高手，通过量化交易历时16年取得250 000%的收益率，相当于2 500倍。 　　上述这些只是本书的部分例子，他们的大名在金融界早已耳熟能详，包括威廉·欧奈尔、保罗·都铎·琼斯、范·撒普、吉姆·罗杰斯……本书中每一位大师级交易者都凭借各自的交易方法取得了不可思议的成功。 　　是什么让他们脱颖而出呢？这些市场赢家一定是找到了制胜的交易圣杯，本书将会揭示成功交易者在交易态度和交易原则方面具有的重要共性。,38.35,金融怪杰:华尔街的*交易员
巴尔加瓦（Aditya Bhargava）,本书示例丰富，图文并茂，以让人容易理解的方式阐释了算法，旨在帮助程序员在日常项目中更好地发挥算法的能量。书中的前三章将帮助你下基础，带你学习二分查找、大O表示法、两种基本的数据结构以及递归等。余下的篇幅将主要介绍应用广泛的算法，具体内容包括：面对具体问题时的解决技巧，比如，何时采用贪婪算法或动态规划；散列表的应用；图算法；Kzui近邻算法。,12.49,算法图解
"纪禄平,刘辉,等",    本书为普通高等教育“十一五”*规划教材。     本书以当前主流微型计算机技术为背景，以建立系统级的整机概念为目的，深介绍计算机各功能子系统的逻辑组成和工作机制。全书共7章。第1章概述计算机的基本概念、发展历程和系统的硬件、软件组织及性能指标；第2章介绍数据信息的表示、运算和校验方法；第3章介绍CPU子系统的工作原理和多核等前沿的性能提升技术；第4章介绍存储子系统的存储原理、主存设计和性能改措施；第5章介绍I/O子系统，包括口、总线以及中断、DMA和通道等I/O传输控制方式；第6章介绍显示器等常见输/输出设备的工作原理；第7章以一个硬件系统模型的设计作为全书的总结。,11.25,计算机组成原理(第3版)
刘金鹏等,小生次接触Linux是2001年左右的事情。个被我安装到电脑上的Linux系统，是国产的红旗4.0。不过只是体验了一下，它的启动次数*不超过5次，之后就被我卸载了。,1.99,Linux入门很简单（无赠送光盘）
斋藤康毅,本书是深度学习真正意义上的门书，深浅出地剖析了深度学习的原理和相关技术。书中使用Python3，尽量不依赖外部库或工具，从基本的数学知识出发，带领读者从零创建一个经典的深度学习网络，使读者在此过程中逐步理解深度学习。书中不仅介绍了深度学习和神经网络的概念、特征等基础知识，对误差反向传播法、卷积神经网络等也有深讲解，此外还介绍了深度学习相关的实用技巧，自动驾驶、图像生成、强化学习等方面的应用，以及为什么加深层可以提高识别精度等疑难的问题。 本书适合深度学习初学者阅读，也可作为高校教材使用。,24.99,深度学习入门：基于Python的理论与实现
啊哈磊,《啊哈C语言！逻辑的挑战（修订版）》是一本非常有趣的编程启蒙书，《啊哈C语言！逻辑的挑战（修订版）》从中小学生的角度来讲述，没有生涩的内容，取而代之的是生动活泼的漫画和风趣幽默的文字。配合超萌的编程软件，《啊哈C语言！逻辑的挑战（修订版）》从始学习与计算机对话到自己独立制作一个游戏，由浅深地讲述编程的思维。同时，与计算机展的逻辑较量一定会让你觉得很有意思。你可以在茶余饭后阅读《啊哈C语言！逻辑的挑战（修订版）》，甚至坐在马桶上也可以看得津津有味。编程将会改变我们的思维，教会我们如何思考，让我们的思维插上计算机的翅膀，以一种全新的方式来感知世界。,12.49,啊哈C语言！逻辑的挑战(修订版)
乐章 著,理解设计的基本原则和概念，了解设计规范，具备一定的审美能力，会使用人工智能驱动的工具Midjourney和ChatGPT， 那么，人人都可以成为设计师，都可以设计出满足商业需求的作品。 本书共7章。第1章讲设计基础与版式构图，分别介绍色彩设计基础、版式设计，以及字体与版式的结合。第2章至第5章详细介绍Midjourney这一工具，从如何登录，到使用提示词生成图像，再到探索提示词与生成图像主题风格的关系，最后介绍Midjourney的高级玩法，满足设计师对设计细节的需求。第6章讨论了另一款人工智能驱动的工具ChatGPT与Midjourney在未来如何搭配使用，引发读者思考。最后一章选取了设计领域中常见的设计需求，涵盖商品促销、商业设计、品牌设计、IP潮玩、插画设计、界面交互设计、工业设计、空间设计和艺术摄影，由此凝练出附录的提示词大全，设计师可以根据设计需要替换提示词，这为读者的Midjourney之旅提供了参考和思路。 本书适合有设计需求，但是又没有办法雇用专业设计师的个人或团队，以及想要利用人工智能提高设计效率的设计师阅读参考。,44.67,人人都是设计师:设计基础+Midjourney+ChatGPT
中国电子学会,《机器人简史》（第三版）介绍了机器人发展的历史、态势和趋势，以简明扼要、通俗易懂、图文并茂的形式向读者展了一幅波澜壮阔的机器人世界的画卷。希望本书能为机器人领域的研究者和对该领域感兴趣的读者提供有益的借鉴与启示。,48.3,机器人简史(第三版)(全彩)
